CREATE TABLE GENDERS(
   GENDERSID NUMBER(9),
   NAME VARCHAR2(255),
   CONSTRAINT genders_pk PRIMARY KEY(GENDERSID)
);

insert into genders (GENDERSID, NAME ) values (1,'MASCULINO');
insert into genders (GENDERSID, NAME ) values (2,'FEMENINO');

-----

CREATE TABLE JOBS(
   JOBSID NUMBER(9),
   NAME VARCHAR2(255),
   SALARY number(9,2),
   CONSTRAINT jobs_pk PRIMARY KEY(JOBSID)
);

insert into JOBS (JOBSID, NAME , SALARY) values (1,'DIRECTOR',99000.00);
insert into JOBS (JOBSID, NAME , SALARY) values (2,'GERENTE', 77000.00);
insert into JOBS (JOBSID, NAME , SALARY) values (3,'SUBGERENTE', 65000.00);
insert into JOBS (JOBSID, NAME , SALARY) values (4,'LIDER', 55000.00);
insert into JOBS (JOBSID, NAME , SALARY) values (5,'DESARROLLADOR', 45000.00);
insert into JOBS (JOBSID, NAME , SALARY) values (6,'SCRUM', 40000.00);
insert into JOBS (JOBSID, NAME , SALARY) values (7,'PROJECT MANAGER',65000.00);

-----

CREATE TABLE EMPLOYEES(
 EMPLOYEEID int NOT NULL,
 GENDER_ID int NOT NULL,
 JOB_ID int NOT NULL,
 NAME VARCHAR2(255),
 LASTNAME VARCHAR2(255),
 BIRTHDATE date NOT NULL,
 CONSTRAINT PK_EMPLOYEES PRIMARY KEY(EMPLOYEEID),
 CONSTRAINT FK_GENDER_ID FOREIGN KEY (GENDER_ID) REFERENCES GENDERS(GENDERSID),
 CONSTRAINT FK_JOB_ID FOREIGN KEY (JOB_ID) REFERENCES JOBS(JOBSID)
);

insert into EMPLOYEES values (1,1,1,'JUAN','LOPEZ',TO_DATE('20/02/1992','DD/MM/YYYY'));
insert into EMPLOYEES values (2,2,4,'SONIA','ROMERO',TO_DATE('14/09/1876','DD/MM/YYYY'));
insert into EMPLOYEES values (5,2,5,'SONIA','ROMERO',TO_DATE('11/10/1990','DD/MM/YYYY'));
insert into EMPLOYEES values (6,1,1,'ANTONIO','LIMA',TO_DATE('30/09/1992','DD/MM/YYYY'));
insert into EMPLOYEES values (7,1,1,'FRANCISCA','LIMA',TO_DATE('31/03/1992','DD/MM/YYYY'));
insert into EMPLOYEES values (8,2,5,'JHOANA','ROMERO',TO_DATE('14/09/1876','DD/MM/YYYY'));


----

CREATE TABLE EMPLOYEE_WORKED_HOURS(
 EMPLOYEEWORKID int NOT NULL,
 EMPLOYEE_ID int NOT NULL,
 WORKED_HOURS int,
 WORKED_DATE date NOT NULL,
 CONSTRAINT PK_EMPLOYEES_WORKED_HOURS PRIMARY KEY(EMPLOYEEWORKID),
 CONSTRAINT FK_EMPLOYEE_ID FOREIGN KEY (EMPLOYEE_ID) REFERENCES EMPLOYEES(EMPLOYEEID)
);


insert into EMPLOYEE_WORKED_HOURS values (1,1,45,TO_DATE('21/10/2022','DD/MM/YYYY'));
insert into EMPLOYEE_WORKED_HOURS values (2,2,60,TO_DATE('24/10/2022','DD/MM/YYYY'));
insert into EMPLOYEE_WORKED_HOURS values (3,1,23,TO_DATE('02/07/2021','DD/MM/YYYY'));
insert into EMPLOYEE_WORKED_HOURS values (4,2,54,TO_DATE('12/03/2018','DD/MM/YYYY'));
insert into EMPLOYEE_WORKED_HOURS values (5,3,12,TO_DATE('15/12/2019','DD/MM/YYYY'));
insert into EMPLOYEE_WORKED_HOURS values (6,4,43,TO_DATE('05/10/2017','DD/MM/YYYY'));
insert into EMPLOYEE_WORKED_HOURS values (7,3,39,TO_DATE('26/12/2019','DD/MM/YYYY'));
insert into EMPLOYEE_WORKED_HOURS values (8,2,16,TO_DATE('22/10/2021','DD/MM/YYYY'));
insert into EMPLOYEE_WORKED_HOURS values (9,3,23,TO_DATE('15/12/2020','DD/MM/YYYY'));
insert into EMPLOYEE_WORKED_HOURS values (10,1,47,TO_DATE('27/10/2015','DD/MM/YYYY'));

